B,M,K,N,task_duration,aic_time(us),aic_cube_time(us),aic_cube_ratio,aic_mte1_ratio,aic_mte2_ratio,aic_mte3_ratio,aic_fixpipe_ratio1,32,32,0,5.26,4.69027,0.025405,0.005417,0.007376,0.225078,0.00023,0.149937
1,64,64,0,4.68,4.588108,0.031892,0.006951,0.01131,0.23975,0.000236,0.145382
1,96,96,0,7.56,6.651892,0.059459,0.008939,0.014464,0.72745,0.000163,0.069235
1,128,128,0,4.76,2.681081,0.040541,0.015121,0.029032,0.399395,0.000403,0.162903
1,160,160,0,7.6,7.41027,0.115676,0.01561,0.031512,0.562623,0.000146,0.194471
1,192,192,0,6.8,5.516216,0.115676,0.02097,0.042038,0.390789,0.000196,0.332974
1,224,224,0,7.7,8.749189,0.15027,0.017175,0.029099,0.401273,0.000124,0.363524
1,256,256,0,6.12,4.317297,0.231351,0.053587,0.091649,0.432954,0.00025,0.158758
1,288,288,0,11.42,15.14054,0.49027,0.032381,0.052231,0.801856,7.1e-05,0.031453
1,320,320,0,7.92,13.350811,0.508649,0.038099,0.058869,0.744888,8.1e-05,0.073404
1,352,352,0,13.1,14.935676,0.508108,0.03402,0.0439,0.785458,7.2e-05,0.073541
1,384,384,0,9.68,7.455676,0.522162,0.070036,0.086928,0.65294,0.000145,0.125643
1,416,416,0,15.74,16.10919,0.721622,0.044796,0.049527,0.6161,6.7e-05,0.217704
1,448,448,0,12.6,12.208108,0.819459,0.067124,0.069958,0.782201,8.9e-05,0.059199
1,480,480,0,15.46,17.944864,0.784865,0.043738,0.041237,0.607506,6e-05,0.258781
1,512,512,0,15.48,11.463784,0.923243,0.080536,0.080017,0.641173,9.4e-05,0.091994
1,544,544,0,18.02,21.709188,1.696216,0.078134,0.073652,0.8149,5e-05,0.067776
1,576,576,0,17.6,17.146486,1.58,0.092147,0.071152,0.781816,6.3e-05,0.141484
1,608,608,0,24.08,28.015676,2.76973,0.098864,0.096953,0.865886,3.9e-05,0.071331
1,640,640,0,15.68,15.18054,1.752973,0.115475,0.089019,0.716921,7.1e-05,0.196589
1,672,672,0,29.18,31.962162,2.504865,0.07837,0.051412,0.90071,3.4e-05,0.11999
1,704,704,0,26.059999,23.465405,3.3,0.140633,0.089908,0.524775,4.6e-05,0.600585
1,736,736,0,27.4,28.213514,2.63027,0.093227,0.061538,0.830482,3.8e-05,0.300201
1,768,768,0,12.9,11.572433,2.63027,0.227288,0.161474,0.583633,9.3e-05,0.42286
1,800,800,0,40.240002,38.383244,5.907027,0.153896,0.1249,0.904871,2.8e-05,0.17985
1,832,832,0,30.32,29.495676,6.594054,0.22356,0.16444,0.879598,3.7e-05,0.299155
1,864,864,0,47.34,41.753513,5.907027,0.141474,0.111374,0.910673,2.6e-05,0.265367
1,896,896,0,23.780001,20.432432,7.147568,0.349815,0.247513,0.748783,5.3e-05,0.400556
1,928,928,0,48.419998,51.032433,5.907027,0.11575,0.089291,0.928133,2.1e-05,0.282428
1,960,960,0,32.040001,28.815676,6.313513,0.2191,0.156765,0.863925,3.8e-05,0.350185
1,992,992,0,37.700001,35.027569,7.014054,0.200244,0.135415,0.890789,3.1e-05,0.290489
1,1024,1024,0,17.299999,16.457296,8.109189,0.492741,0.33203,0.603725,6.6e-05,0.435755
1,1056,1056,0,132.199997,137.730804,11.649189,0.084579,0.089469,0.970675,8e-06,0.048504
1,1088,1088,0,87.379997,80.404327,11.629729,0.144641,0.156916,0.957438,1.3e-05,0.055086
1,1120,1120,0,143.220001,150.916214,11.624325,0.077025,0.079475,0.970379,7e-06,0.048092
1,1152,1152,0,39.52,30.464865,15.032433,0.493435,0.350479,0.80928,3.5e-05,0.352076
1,1184,1184,0,55.700001,53.056217,15.601081,0.294048,0.183192,0.910396,2e-05,0.303442
1,1216,1216,0,39.82,36.456757,16.463243,0.451583,0.28561,0.880273,3e-05,0.313752
1,1248,1248,0,92.239998,81.322701,15.227027,0.187242,0.115542,0.93835,1.3e-05,0.299135
1,1280,1280,0,30.540001,28.821081,18.125946,0.628913,0.477372,0.788256,3.8e-05,0.477503
1,1312,1312,0,94.18,85.129189,20.763243,0.243903,0.145674,0.948301,1.3e-05,0.206891
1,1344,1344,0,59.360001,52.306488,18.335135,0.350533,0.229789,0.936342,2.1e-05,0.244794
1,1376,1376,0,97.300003,91.084328,20.763243,0.227956,0.133776,0.953936,1.2e-05,0.218206
1,1408,1408,0,40.200001,37.544323,19.214594,0.511784,0.301179,0.899132,2.9e-05,0.268152
1,1440,1440,0,151.339996,138.771347,21.148649,0.152399,0.10896,0.965251,8e-06,0.12137
1,1472,1472,0,94.540001,95.605408,21.216757,0.22192,0.148951,0.96368,1.1e-05,0.162407
1,1504,1504,0,80.459999,79.42054,20.484324,0.257922,0.174351,0.949077,1.4e-05,0.187044
1,1536,1536,0,36.68,34.626488,20.97027,0.605614,0.353955,0.912175,3.1e-05,0.234924
1,1568,1568,0,166.660004,159.676224,35.344326,0.22135,0.151387,0.972248,7e-06,0.162748
1,1600,1600,0,91.940002,87.0,41.221622,0.473812,0.408294,0.933116,1.2e-05,0.172109
1,1632,1632,0,138.919998,137.101624,41.131893,0.30001,0.22152,0.965494,8e-06,0.166261
1,1664,1664,0,62.400002,59.811893,41.348106,0.691302,0.523741,0.9249,1.8e-05,0.231681
1,1696,1696,0,154.199997,154.993515,59.103783,0.381331,0.273818,0.970304,7e-06,0.137265
1,1728,1728,0,94.099998,89.425949,40.235134,0.449927,0.32261,0.947183,1.2e-05,0.238277
1,1760,1760,0,283.26001,269.595123,58.887569,0.21843,0.152152,0.98141,4e-06,0.100403
1,1792,1792,0,63.5,61.84919,49.880539,0.806487,0.538004,0.782374,1.7e-05,0.412582
1,1824,1824,0,215.039993,210.74054,72.040001,0.341842,0.290938,0.977575,5e-06,0.123567
1,1856,1856,0,105.279999,98.950272,46.124866,0.466142,0.346027,0.9454,1.1e-05,0.211867
1,1888,1888,0,214.600006,213.68486,72.018379,0.337031,0.285647,0.976118,5e-06,0.127025
1,1920,1920,0,68.220001,65.567024,45.316216,0.691143,0.504761,0.9423,1.6e-05,0.189647
1,1952,1952,0,200.179993,205.890274,62.28973,0.302538,0.182125,0.977159,5e-06,0.186276
1,1984,1984,0,134.580002,131.44162,62.014595,0.471803,0.295566,0.973705,8e-06,0.171902
1,2016,2016,0,203.759995,204.450272,62.28973,0.304669,0.180682,0.97786,5e-06,0.176053
1,2048,2048,0,68.220001,65.009727,54.799461,0.842942,0.627432,0.907548,1.7e-05,0.23747
1,2080,2080,0,393.299988,382.795135,68.449188,0.178814,0.117698,0.986454,3e-06,0.107202
1,2112,2112,0,154.160004,147.580002,70.208107,0.455424,0.417341,0.505351,7e-06,0.104493
1,2144,2144,0,155.679993,152.215134,70.091888,0.450231,0.407575,0.511819,7e-06,0.101337
1,2176,2176,0,118.440002,112.182701,72.784866,0.648807,0.526058,0.962542,1e-05,0.231056
1,2208,2208,0,157.520004,149.52919,70.099457,0.445019,0.404016,0.503603,7e-06,0.101695
1,2240,2240,0,158.779999,151.730804,69.814056,0.43969,0.403455,0.497677,7e-06,0.101255
1,2272,2272,0,159.860001,152.961624,70.155678,0.438857,0.401466,0.494683,7e-06,0.10025
1,2304,2304,0,102.459999,99.954597,79.091888,0.791278,0.613646,0.89433,1.1e-05,0.303603
1,2336,2336,0,211.539993,205.369186,118.795677,0.561575,0.46724,0.588342,5e-06,0.119924
1,2368,2368,0,211.179993,206.564331,118.870811,0.562889,0.471431,0.581459,5e-06,0.123338
1,2400,2400,0,182.580002,177.275131,91.41243,0.500671,0.411735,0.552196,6e-06,0.143072
1,2432,2432,0,138.740005,135.250275,113.924866,0.842326,0.629959,0.970925,8e-06,0.17147
1,2464,2464,0,213.080002,207.651886,118.6427,0.556799,0.468772,0.569889,5e-06,0.127137
1,2496,2496,0,188.380005,181.35405,98.919998,0.525109,0.442659,0.539373,6e-06,0.109023
1,2528,2528,0,188.119995,181.520004,98.699463,0.524662,0.443532,0.541552,6e-06,0.110168
1,2560,2560,0,135.300003,130.218918,115.082703,0.883763,0.620805,0.832619,8e-06,0.320105
1,2592,2592,0,227.860001,220.988647,130.518372,0.572801,0.484857,0.581571,5e-06,0.11926
1,2624,2624,0,225.220001,220.99675,130.585403,0.579813,0.484658,0.602704,5e-06,0.120248
1,2656,2656,0,225.720001,218.85405,130.289185,0.577216,0.48925,0.583299,5e-06,0.118379
1,2688,2688,0,178.080002,168.929184,140.097839,0.829329,0.638371,0.971602,6e-06,0.176828
1,2720,2720,0,235.300003,231.159454,147.472977,0.626744,0.492537,0.604277,5e-06,0.102804
1,2752,2752,0,227.139999,222.648651,147.01622,0.647249,0.508468,0.623261,5e-06,0.068823
1,2784,2784,0,237.179993,232.82756,147.411896,0.621519,0.489971,0.595764,5e-06,0.105421
1,2816,2816,0,174.479996,169.543243,150.835129,0.889656,0.661306,0.933494,6e-06,0.183125
1,2848,2848,0,250.539993,245.843781,160.762161,0.641663,0.493296,0.642064,4e-06,0.099787
1,2880,2880,0,241.259995,235.793518,160.905945,0.66694,0.527785,0.639498,4e-06,0.064333
1,2912,2912,0,253.460007,248.073517,160.186493,0.631999,0.500131,0.601349,4e-06,0.097588
1,2944,2944,0,213.860001,206.223236,163.682159,0.793713,0.579692,0.976297,5e-06,0.13296
1,2976,2976,0,252.419998,246.417297,160.157303,0.634487,0.502119,0.606304,4e-06,0.098155
1,3008,3008,0,246.559998,239.372971,160.741074,0.651935,0.507173,0.640929,4e-06,0.068118
1,3040,3040,0,253.240005,249.232971,160.967026,0.63563,0.499225,0.602383,4e-06,0.100979
1,3072,3072,0,188.039993,187.138382,163.57135,0.874066,0.648241,0.95864,6e-06,0.164873
1,3104,3104,0,387.299988,381.894592,257.615662,0.665158,0.55369,0.689701,3e-06,0.110149
1,3136,3136,0,390.399994,379.693512,257.500549,0.659581,0.558166,0.65808,3e-06,0.106775
1,3168,3168,0,380.320007,366.329742,236.938919,0.622999,0.512382,0.664516,3e-06,0.131619
1,3200,3200,0,342.660004,335.918915,244.478912,0.727791,0.595723,0.977639,3e-06,0.158372
1,3232,3232,0,390.679993,384.794586,257.244873,0.658454,0.558883,0.665878,3e-06,0.112704
1,3264,3264,0,382.23999,364.676758,237.207031,0.620571,0.51077,0.653298,3e-06,0.127807
1,3296,3296,0,391.059998,387.972443,257.248108,0.657823,0.555575,0.666815,3e-06,0.114934
1,3328,3328,0,330.980011,323.414062,288.075684,0.890733,0.650843,0.895039,3e-06,0.237349
1,3360,3360,0,416.859985,407.256226,276.57785,0.663479,0.56291,0.6765,3e-06,0.107623
1,3392,3392,0,419.839996,416.299469,313.299988,0.746237,0.587135,0.705699,3e-06,0.057201
1,3424,3424,0,435.76001,430.14325,312.475128,0.717081,0.568478,0.676007,2e-06,0.091239
1,3456,3456,0,363.440002,354.100006,291.439453,0.823043,0.632188,0.975794,3e-06,0.145319
1,3488,3488,0,435.779999,433.182709,312.877289,0.717971,0.56401,0.673806,2e-06,0.090826
1,3520,3520,0,423.019989,420.22702,313.114594,0.740189,0.570412,0.749981,3e-06,0.060788
1,3552,3552,0,439.76001,435.349731,313.339447,0.712524,0.55365,0.698023,2e-06,0.08977
1,3584,3584,0,353.459991,348.988098,317.812439,0.910668,0.690159,0.929545,3e-06,0.146767
1,3616,3616,0,472.140015,465.935669,334.352448,0.708164,0.557401,0.68928,2e-06,0.086082
1,3648,3648,0,457.399994,447.704865,334.444336,0.731186,0.572304,0.712693,2e-06,0.051116
1,3680,3680,0,470.640015,478.895691,334.271881,0.71025,0.55829,0.690961,2e-06,0.087071
1,3712,3712,0,419.859985,411.562714,341.371338,0.829452,0.60542,0.988916,3e-06,0.109859
1,3744,3744,0,469.640015,464.072968,334.235138,0.711684,0.557167,0.695399,2e-06,0.087914
1,3776,3776,0,458.839996,448.010803,333.73999,0.727356,0.570919,0.707625,2e-06,0.049126
1,3808,3808,0,471.26001,465.289185,333.756226,0.708221,0.552831,0.703781,2e-06,0.087281
1,3840,3840,0,377.559998,371.981079,339.496216,0.912671,0.691176,0.94904,3e-06,0.135771
1,3872,3872,0,560.780029,546.593506,394.638916,0.703732,0.574277,0.722259,2e-06,0.099609
1,3904,3904,0,535.159973,528.359436,395.31134,0.73868,0.606016,0.755828,2e-06,0.065005
1,3936,3936,0,568.280029,552.847046,394.458374,0.694127,0.572862,0.701351,2e-06,0.095774
1,3968,3968,0,496.579987,485.582703,405.974609,0.836057,0.644281,0.978001,2e-06,0.131708
1,4000,4000,0,570.059998,552.537842,395.128662,0.693135,0.568209,0.70068,2e-06,0.096958
1,4032,4032,0,546.219971,529.105408,395.598907,0.724249,0.590061,0.742577,2e-06,0.063684
1,4064,4064,0,559.880005,549.436768,394.503235,0.704621,0.578417,0.719597,2e-06,0.096723
1,4096,4096,0,454.299988,459.814606,394.478394,0.857907,0.638894,0.990425,2e-06,0.116663
1,4128,4128,0,678.679993,669.498901,511.068115,0.753033,0.591609,0.744953,2e-06,0.076314
1,4160,4160,0,659.159973,651.310242,511.348114,0.775757,0.60406,0.769248,2e-06,0.046431
1,4192,4192,0,681.440002,669.777832,511.690277,0.750896,0.585,0.737327,2e-06,0.078532
1,4224,4224,0,613.539978,603.843262,522.128662,0.864676,0.635814,0.992293,2e-06,0.107314
1,4256,4256,0,683.179993,675.076782,512.431335,0.750068,0.578819,0.749621,2e-06,0.079454
1,4288,4288,0,663.599976,658.364319,512.00592,0.771558,0.605887,0.765407,2e-06,0.045074
1,4320,4320,0,684.76001,679.341614,511.258392,0.746624,0.569359,0.761688,2e-06,0.080132
1,4352,4352,0,572.419983,565.984314,519.801636,0.918403,0.682128,0.979496,2e-06,0.120848
1,4384,4384,0,717.5,714.38269,543.424316,0.757386,0.591388,0.750305,2e-06,0.075676
1,4416,4416,0,698.359985,689.359436,543.585938,0.778375,0.608955,0.762628,2e-06,0.043259
1,4448,4448,0,744.700012,739.141052,544.970276,0.731798,0.564497,0.761936,1e-06,0.079081
1,4480,4480,0,686.23999,682.015137,559.616211,0.820533,0.636667,0.983347,2e-06,0.113478
1,4512,4512,0,724.26001,714.531372,542.962158,0.749678,0.589769,0.727301,1e-06,0.072442
1,4544,4544,0,694.900024,687.083801,542.683228,0.780952,0.617016,0.737736,2e-06,0.047373
1,4576,4576,0,720.52002,716.598938,543.042175,0.753681,0.59054,0.739425,2e-06,0.074939
1,4608,4608,0,607.880005,604.870789,548.368103,0.906587,0.695528,0.935799,2e-06,0.117718
1,4640,4640,0,954.280029,941.981628,742.985413,0.778582,0.613358,0.741223,1e-06,0.075109
1,4672,4672,0,931.380005,922.001099,741.859436,0.796516,0.625532,0.780188,1e-06,0.053266
1,4704,4704,0,953.320007,940.222168,742.994568,0.779376,0.612433,0.753435,1e-06,0.077165
1,4736,4736,0,858.840027,849.912964,753.346497,0.886381,0.662593,0.990136,1e-06,0.092298
1,4768,4768,0,961.419983,943.35675,742.972961,0.772787,0.61027,0.742939,1e-06,0.075606
1,4800,4800,0,934.940002,919.727539,740.531921,0.792064,0.623306,0.767007,1e-06,0.051016
1,4832,4832,0,961.400024,948.282715,743.635132,0.773492,0.609726,0.746884,1e-06,0.083927
1,4864,4864,0,808.179993,798.540527,752.584839,0.94245,0.723576,0.935472,1e-06,0.10864
1,4896,4896,0,1012.52002,999.359985,782.627014,0.77295,0.595741,0.777229,1e-06,0.082636
1,4928,4928,0,990.099976,976.637817,782.130798,0.789951,0.61533,0.803519,1e-06,0.052807
1,4960,4960,0,1013.460022,1001.921631,781.023254,0.77065,0.60871,0.746645,1e-06,0.083141
1,4992,4992,0,904.559998,894.414062,789.110291,0.882265,0.660598,0.990834,1e-06,0.08808
1,5024,5024,0,1023.26001,1006.477295,780.093506,0.762361,0.599649,0.749952,1e-06,0.080738
1,5056,5056,0,987.97998,976.485962,781.380554,0.790887,0.615818,0.796772,1e-06,0.05031
1,5088,5088,0,1023.419983,1004.278381,783.107056,0.765186,0.598933,0.745839,1e-06,0.076703
1,5120,5120,0,854.380005,839.33728,790.084839,0.94132,0.711586,0.97337,1e-06,0.106631
1,5152,5152,0,1262.23999,1244.614014,987.260559,0.78215,0.603599,0.793604,1e-06,0.07247
1,5184,5184,0,1239.839966,1223.605347,988.250793,0.797079,0.617717,0.799573,1e-06,0.046784
1,5216,5216,0,1266.599976,1255.682739,987.536743,0.779675,0.60746,0.787518,1e-06,0.074092
1,5248,5248,0,1152.23999,1134.541626,997.148132,0.8789,0.655021,0.992053,1e-06,0.083821
1,5280,5280,0,1274.540039,1262.176758,987.539978,0.774821,0.601373,0.789287,1e-06,0.074663
1,5312,5312,0,1244.780029,1231.596802,986.464294,0.792481,0.616713,0.801159,1e-06,0.045389
1,5344,5344,0,1281.540039,1267.611938,987.733521,0.770739,0.599106,0.78323,1e-06,0.077544
1,5376,5376,0,1062.140015,1058.339966,996.956238,0.942,0.728026,0.92812,1e-06,0.099649
1,5408,5408,0,1407.23999,1399.514648,1085.018921,0.771026,0.594786,0.810052,1e-06,0.064293
1,5440,5440,0,1395.920044,1385.916748,1089.489746,0.780482,0.598334,0.830649,1e-06,0.038424
1,5472,5472,0,1426.219971,1418.275146,1086.588135,0.761866,0.58501,0.812483,1e-06,0.064529
1,5504,5504,0,1262.02002,1251.074097,1093.196777,0.873807,0.652745,0.993878,1e-06,0.083875
1,5536,5536,0,1434.400024,1427.097778,1087.897827,0.758434,0.57886,0.813414,1e-06,0.060377
1,5568,5568,0,1388.699951,1376.653564,1086.463257,0.78236,0.601969,0.831191,1e-06,0.042017
1,5600,5600,0,1421.359985,1413.615723,1084.888062,0.763275,0.586954,0.805811,1e-06,0.065199
1,5632,5632,0,1183.599976,1170.7854,1092.378906,0.933031,0.719061,0.93992,1e-06,0.096015
1,5664,5664,0,1512.099976,1479.180542,1108.100586,0.732822,0.564636,0.797213,1e-06,0.089864
1,5696,5696,0,1539.0,1514.789185,1108.117798,0.720025,0.554625,0.813124,1e-06,0.082731
1,5728,5728,0,1578.920044,1566.856201,1109.09729,0.70244,0.539514,0.815566,1e-06,0.094442
1,5760,5760,0,1517.459961,1465.065918,1189.394653,0.811837,0.626293,0.992836,1e-06,0.088552
1,5792,5792,0,1588.540039,1589.069214,1190.349731,0.749336,0.609592,0.812371,1e-06,0.073363
1,5824,5824,0,1407.680054,1406.145386,1155.770264,0.821046,0.630306,0.653776,0.000518,0.116132
1,5856,5856,0,1464.880005,1457.735718,1205.041138,0.822621,0.614245,0.639677,0.002214,0.137649
1,5888,5888,0,1312.300049,1286.001099,1163.042725,0.886263,0.633088,0.826871,0.001169,0.108421
1,5920,5920,0,1560.959961,1531.898926,1212.184814,0.776564,0.585902,0.666594,0.00067,0.131673
1,5952,5952,0,1523.73999,1513.27832,1216.424805,0.798315,0.621054,0.655917,0.000928,0.109866
1,5984,5984,0,1617.560059,1600.351318,1255.842651,0.776381,0.589116,0.641632,0.000621,0.127709
1,6016,6016,0,1578.839966,1536.355713,1237.198975,0.783613,0.534466,0.88635,0.002121,0.101459
1,6048,6048,0,1678.819946,1655.919434,1309.141113,0.779798,0.583284,0.614104,0.000854,0.127243
1,6080,6080,0,1631.319946,1606.59021,1287.44104,0.789202,0.606718,0.648345,0.000958,0.10775
1,6112,6112,0,1654.359985,1636.249756,1336.760498,0.808023,0.606114,0.619055,0.000504,0.128433
1,6144,6144,0,1479.859985,1461.623779,1294.336182,0.874634,0.624849,0.827776,0.00128,0.109124
1,6176,6176,0,1736.280029,1733.105347,1337.55896,0.770359,0.598599,0.655873,0.000731,0.121259
1,6208,6208,0,1741.819946,1731.400024,1340.106445,0.769371,0.603786,0.669271,0.000834,0.104201
1,6240,6240,0,1826.920044,1818.364868,1403.072998,0.767999,0.587169,0.633473,0.000431,0.121933
1,6272,6272,0,1769.619995,1735.825928,1387.638916,0.784145,0.54048,0.900522,0.000212,0.091432
1,6304,6304,0,1840.079956,1838.271362,1488.082764,0.808705,0.608164,0.664102,0.002889,0.1257
1,6336,6336,0,1860.859985,1851.902222,1470.18811,0.790058,0.607022,0.646478,0.000301,0.104196
1,6368,6368,0,1937.540039,1940.56543,1527.94812,0.788602,0.58831,0.644348,0.001871,0.123664
1,6400,6400,0,1748.160034,1678.128662,1488.049683,0.851209,0.601197,0.836748,0.000834,0.096181
1,6432,6432,0,1963.140015,1943.35022,1547.294067,0.788173,0.608616,0.640967,0.001816,0.118236
1,6464,6464,0,1992.300049,1972.52002,1547.372437,0.776676,0.606067,0.627583,0.000773,0.096924
1,6496,6496,0,2003.060059,1983.577271,1601.663818,0.799608,0.597794,0.662612,0.000872,0.117622
1,6528,6528,0,1946.719971,1928.862671,1571.390869,0.807199,0.565209,0.882789,0.000303,0.094624
1,6560,6560,0,2078.659912,2055.695557,1679.595703,0.808019,0.605766,0.620804,0.000611,0.117353
1,6592,6592,0,2079.879883,2057.313477,1661.926514,0.799049,0.613585,0.619403,0.000617,0.099724
1,6624,6624,0,2160.939941,2120.340088,1712.58374,0.792518,0.593489,0.60875,0.000566,0.114072
1,6656,6656,0,1954.839966,1934.387573,1660.971924,0.849672,0.590154,0.894228,0.000758,0.097949
1,6688,6688,0,2276.97998,2255.737793,1717.266479,0.754186,0.583846,0.610552,0.000741,0.111801
1,6720,6720,0,2224.97998,2208.558838,1711.603271,0.769267,0.585408,0.674256,0.000353,0.099569
1,6752,6752,0,2248.659912,2241.364258,1782.794556,0.792826,0.601304,0.643119,0.000838,0.119985
1,6784,6784,0,2171.560059,2177.35083,1751.548096,0.806585,0.562401,0.901574,0.000457,0.08732
1,6816,6816,0,2321.280029,2282.904297,1849.888062,0.796926,0.600833,0.62935,0.001351,0.112416
1,6848,6848,0,2325.820068,2296.557373,1839.001099,0.790689,0.607555,0.627571,0.000569,0.09502
1,6880,6880,0,2404.47998,2367.630371,1898.166504,0.789429,0.592526,0.620073,0.001153,0.111296
1,6912,6912,0,2111.959961,2029.27832,1850.555176,0.876226,0.628299,0.798724,0.001193,0.091033
1,6944,6944,0,2510.100098,2500.081055,1957.410767,0.779814,0.602811,0.633628,0.00068,0.111849
1,6976,6976,0,2477.47998,2466.457275,1959.469238,0.790912,0.616103,0.637532,0.000406,0.091927
1,7008,7008,0,2505.679932,2500.280029,2023.944824,0.807743,0.612919,0.649799,0.000642,0.111578
1,7040,7040,0,2443.76001,2354.057373,2000.158936,0.818476,0.58302,0.83929,0.000251,0.085261
1,7072,7072,0,2582.26001,2566.389648,2070.650879,0.801875,0.61089,0.640966,0.000357,0.111827
1,7104,7104,0,2565.280029,2547.957764,2053.015137,0.800308,0.617263,0.65349,0.000952,0.093806
1,7136,7136,0,2727.840088,2711.890381,2126.865967,0.779689,0.58874,0.604582,0.000226,0.1062
1,7168,7168,0,2398.580078,2327.788574,2078.223145,0.866439,0.615636,0.822214,0.001021,0.090916
1,7200,7200,0,2803.600098,2705.131836,2041.838379,0.728292,0.574461,0.615803,0.000462,0.099549
1,7232,7232,0,2811.040039,2726.195068,2069.408691,0.736172,0.580033,0.62666,0.000712,0.083161
1,7264,7264,0,2806.419922,2723.910156,2151.266602,0.766552,0.589631,0.626022,0.00118,0.101238
1,7296,7296,0,2808.339844,2723.509277,2140.444824,0.762175,0.523773,0.895068,0.000438,0.07758
1,7328,7328,0,2942.120117,2933.784912,2335.490723,0.793812,0.601067,0.615627,0.000453,0.104665
1,7360,7360,0,2886.560059,2873.041504,2308.783203,0.799839,0.614282,0.641601,0.000692,0.089447
1,7392,7392,0,2968.639893,2967.379883,2380.190186,0.801778,0.604021,0.618696,0.000758,0.106341
1,7424,7424,0,2670.76001,2560.876221,2310.151855,0.864979,0.617876,0.823767,0.000303,0.082966
1,7456,7456,0,3038.060059,3009.710693,2371.586426,0.780625,0.607354,0.655793,0.000652,0.105213
1,7488,7488,0,3020.620117,3005.824951,2385.609619,0.789775,0.619167,0.64154,0.000243,0.086874
1,7520,7520,0,3166.860107,3139.428711,2462.103271,0.777459,0.578758,0.656227,0.000291,0.103246
1,7552,7552,0,3128.280029,3152.46875,2446.176758,0.781956,0.526026,0.945282,0.000421,0.083044
1,7584,7584,0,3150.679932,3132.481201,2571.800537,0.816268,0.61316,0.645917,0.000532,0.107064
1,7616,7616,0,3103.600098,3078.065918,2534.593506,0.816662,0.623444,0.662464,0.000647,0.090858
1,7648,7648,0,3260.52002,3238.850342,2606.584229,0.799438,0.595729,0.640593,0.000226,0.102461
1,7680,7680,0,2999.139893,2893.499023,2523.193604,0.841306,0.588352,0.84139,0.000499,0.084914
1,7712,7712,0,3429.360107,3306.306396,2434.652344,0.709944,0.562681,0.617614,0.000279,0.094813
1,7744,7744,0,3430.600098,3334.570801,2471.537354,0.720439,0.573138,0.617081,0.000858,0.07986
1,7776,7776,0,3487.959961,3391.457764,2586.610352,0.741583,0.570687,0.613953,0.000191,0.095655
1,7808,7808,0,3461.120117,3373.026367,2584.568115,0.746743,0.511623,0.912101,0.00052,0.070801
1,7840,7840,0,3493.740234,3497.100586,2851.008057,0.816033,0.616921,0.636182,0.000391,0.103709
1,7872,7872,0,3439.800049,3433.53833,2812.59082,0.817661,0.628228,0.660831,0.00016,0.091199
1,7904,7904,0,3608.659912,3596.073486,2895.291992,0.802318,0.601721,0.639864,0.000282,0.102087
1,7936,7936,0,3225.679932,3220.198975,2817.100586,0.873335,0.614246,0.871672,0.000277,0.08119
1,7968,7968,0,3825.399902,3808.600098,2961.901611,0.774272,0.589223,0.64132,0.000896,0.100612
1,8000,8000,0,3771.600098,3747.14917,2930.146973,0.776898,0.603614,0.643206,0.000419,0.083724
1,8032,8032,0,3745.919922,3727.490723,3026.036865,0.807822,0.609262,0.652819,0.000937,0.100541
1,8064,8064,0,3837.199951,3790.033447,2964.422119,0.772548,0.527182,0.911605,0.00031,0.075376
1,8096,8096,0,3792.679932,3768.410156,3116.449219,0.821701,0.61092,0.680174,0.000281,0.099497
1,8128,8128,0,3768.399902,3748.51416,3077.87085,0.816758,0.628847,0.659745,0.000295,0.082474
1,8160,8160,0,3882.780273,3859.083252,3167.968018,0.815902,0.614949,0.644736,0.000273,0.096301
1,8192,8192,0,3648.080078,3536.776855,3085.462158,0.845777,0.60094,0.829188,0.000196,0.080769
1,8224,8224,0,4006.499756,3711.487549,2626.980469,0.65568,0.540408,0.605813,0.000251,0.080415
1,8256,8256,0,3996.499756,3748.763184,2711.131348,0.678376,0.553544,0.624146,0.000532,0.069216
1,8288,8288,0,4091.939941,3866.751465,2878.727539,0.703512,0.558992,0.606112,0.000294,0.084914
1,8320,8320,0,4147.680176,3999.949707,2914.282227,0.702629,0.498356,0.902781,0.00079,0.063435
1,8352,8352,0,4296.459961,4301.344727,3430.235596,0.798387,0.60409,0.629304,0.000213,0.093308
1,8384,8384,0,4166.540039,4155.345703,3380.684814,0.811389,0.624402,0.653511,0.000318,0.081039
1,8416,8416,0,4341.919922,4337.772949,3462.009277,0.797345,0.597751,0.641845,0.000771,0.092097
1,8448,8448,0,3876.080078,3819.597412,3367.383789,0.86876,0.613791,0.861142,0.00029,0.074967
1,8480,8480,0,4358.899902,4344.145996,3504.326416,0.803947,0.616783,0.660351,0.000531,0.094587
1,8512,8512,0,4339.540039,4333.109375,3487.921143,0.803754,0.625083,0.658349,0.00024,0.078727
1,8544,8544,0,4436.0,4434.228516,3589.802734,0.809243,0.616637,0.648856,0.000233,0.094032
1,8576,8576,0,4512.200195,4485.537109,3528.535645,0.781999,0.536043,0.923638,0.000195,0.071239
1,8608,8608,0,4515.699707,4503.344238,3681.435059,0.815252,0.619508,0.657605,0.000179,0.096238
1,8640,8640,0,4517.359863,4513.395508,3668.476807,0.812084,0.628446,0.64702,0.000247,0.080268
1,8672,8672,0,4598.080078,4608.90332,3777.759033,0.821595,0.618875,0.654147,0.000228,0.095333
1,8704,8704,0,4349.540039,4306.30957,3695.984863,0.849742,0.592417,0.878919,0.000476,0.078191
1,8736,8736,0,4746.759766,4759.901855,3808.271973,0.802289,0.620233,0.660456,0.000136,0.091413
1,8768,8768,0,4758.899902,4757.304199,3805.516113,0.799663,0.62159,0.670282,0.000914,0.075241
1,8800,8800,0,4779.779785,4759.11084,3892.708008,0.814412,0.626769,0.662024,0.000956,0.09064
1,8832,8832,0,5251.319824,5295.066406,3874.939453,0.737898,0.483503,0.97786,0.000405,0.064079
1,8864,8864,0,4916.879883,4904.04541,4025.33252,0.818676,0.623963,0.653969,0.000207,0.090974
1,8896,8896,0,4860.02002,4850.550781,4005.866455,0.824249,0.624853,0.693066,0.000148,0.077641
1,8928,8928,0,4977.600098,4968.259766,4115.847656,0.826874,0.626648,0.659394,0.000355,0.091452
1,8960,8960,0,4681.359863,4647.068848,4041.747559,0.86337,0.608129,0.880626,0.000126,0.071241
1,8992,8992,0,5149.580078,5131.247559,4177.884766,0.811306,0.630699,0.651668,0.000269,0.08944
1,9024,9024,0,5122.919922,5091.976074,4151.032227,0.810286,0.632283,0.668889,0.000168,0.074669
1,9056,9056,0,5350.359863,5330.939453,4301.255859,0.803919,0.613462,0.642022,0.000287,0.087368
1,9088,9088,0,5391.419922,5356.560059,4258.955078,0.789951,0.540342,0.925741,0.000115,0.067922
1,9120,9120,0,5530.919922,5484.290039,4422.601562,0.799614,0.588112,0.664355,0.00013,0.087783
1,9152,9152,0,5314.580078,5253.044922,4383.027344,0.824718,0.631686,0.66863,0.000271,0.074611
1,9184,9184,0,5486.360352,5439.623047,4466.058594,0.814029,0.615106,0.650805,0.000247,0.087939
1,9216,9216,0,5082.02002,5060.508789,4360.320312,0.85799,0.606919,0.867469,0.000461,0.074467
1,9248,9248,0,5661.97998,5621.436035,4519.954102,0.798299,0.617934,0.643663,0.000282,0.084488
1,9280,9280,0,5670.459961,5627.012207,4509.128418,0.795196,0.616688,0.657148,0.000153,0.070126
1,9312,9312,0,5809.479492,5780.507324,4619.493164,0.795165,0.60801,0.63626,0.000162,0.083013
1,9344,9344,0,5837.880371,5894.098145,4562.307129,0.781501,0.532393,0.949025,0.000112,0.061833
1,9376,9376,0,5756.939941,5731.994141,4802.930176,0.834285,0.632249,0.659453,0.000172,0.087829
1,9408,9408,0,5700.999512,5702.543457,4757.04541,0.834423,0.642181,0.676353,0.000131,0.075267
1,9440,9440,0,5877.100098,5873.212402,4885.98291,0.831359,0.630039,0.647826,0.000106,0.087426
1,9472,9472,0,5644.359863,5501.719238,4767.233887,0.844601,0.5958,0.853753,0.000224,0.065423
1,9504,9504,0,6190.720215,6128.897949,4990.218262,0.80608,0.617908,0.657781,0.000579,0.085169
1,9536,9536,0,6186.879883,6116.75293,4964.032227,0.802348,0.62303,0.648639,7.4e-05,0.070447
1,9568,9568,0,6165.319824,6112.56543,5072.268066,0.82271,0.625331,0.662447,0.000458,0.085416
1,9600,9600,0,6589.159668,6403.559082,5003.124512,0.759296,0.5126,0.915766,0.000224,0.062763
